vaccination_id,pet_id,vaccine_name,dose_no,vaccination_date,next_due_date,vet_name,notes
1,3,Rabies,1,2025-05-24 21:25,2026-04-22 11:10,Dr. Williams,Given successfully
2,8,Rabies,3,2025-10-28 06:08,2026-04-03 02:10,Dr. Johnson,Up to date
3,15,Myxomatosis,3,2025-11-22 08:04,2026-04-25 22:01,Dr. Brown,Regular schedule
4,19,Rabies,3,2025-12-17 04:54,2026-05-14 02:39,Dr. Smith,Booster needed
5,7,Myxomatosis,3,2025-05-06 01:55,2026-03-01 13:09,Dr. Johnson,Booster needed
6,18,Rabies,1,2025-04-16 10:45,2026-04-02 04:45,Dr. Brown,Up to date
7,10,Psittacine Pasteurella Vaccine,1,2025-06-28 01:24,2026-05-10 23:12,Dr. Williams,Up to date
8,3,Distemper,2,2025-11-03 11:52,2026-04-30 10:41,Dr. Johnson,Up to date
9,4,Distemper,3,2025-05-24 07:04,2026-03-15 19:47,Dr. Johnson,Given successfully
10,2,Psittacine Pasteurella Vaccine,2,2025-09-15 02:07,2026-05-15 01:55,Dr. Williams,Up to date
11,4,Feline Leukemia,3,2025-07-02 07:10,2026-05-09 15:58,Dr. Brown,Regular schedule
12,17,Psittacine Pasteurella Vaccine,2,2025-05-06 10:47,2026-04-26 17:14,Dr. Smith,Up to date
13,11,Myxomatosis,1,2025-05-09 16:44,2026-03-10 19:10,Dr. Smith,Regular schedule
14,19,Rabies,1,2025-08-14 08:39,2026-04-16 16:00,Dr. Brown,Regular schedule
15,6,Parvo,3,2025-11-10 17:49,2026-04-12 11:57,Dr. Smith,Up to date
16,12,Parvo,2,2025-07-07 10:01,2026-05-05 00:22,Dr. Smith,Booster needed
17,11,Myxomatosis,3,2025-08-20 00:47,2026-03-17 05:41,Dr. Brown,Given successfully
18,15,Myxomatosis,2,2025-06-19 19:36,2026-03-22 19:38,Dr. Smith,Up to date
19,17,Avian Pox Vaccine,3,2025-11-24 14:37,2026-04-19 08:55,Dr. Brown,Up to date
20,2,Avian Pox Vaccine,3,2025-07-17 11:49,2026-04-29 02:54,Dr. Brown,Up to date
